WARD_NO,WARD_NAME,latitude,longitude
600001,Madras Gpo,13.0656,80.2672
600002,Madras Electricity System,13.0656,80.2672
600003,Madras Medical College,13.0656,80.2672
600004,Luz Church Road,13.0656,80.2672
600005,Chepauk,13.0594,80.2789
600006,Cathedral,13.0656,80.2672
600008,Egmore,13.0717,80.2556
600009,Fort St George,13.0656,80.2672
600012,Decoster Road,13.0025,80.2061
600014,Ligods Estate,13.0025,80.2061
600015,Saidapet Madras,13.0025,80.2061
600016,Alandur,13.0025,80.2061
600017,Usman Road,13.0025,80.2061
600018,Chamiers Road,13.0025,80.2061
600019,Kaladipet,13.0025,80.2061
600020,Adyar,13.0044,80.2583
600021,Washermanpetta,13.0206,80.2417
600022,Raj Bhavan Madras Raja,13.0206,80.2417
600025,Engineering College Directorat,13.0206,80.2417
600026,Vadapalani,13.0511,80.2125
600027,Madras Air Port,13.0206,80.2417
600028,R A Puram Colony,13.0206,80.2417
600031,Chetput H O,13.0389,80.2258
600032,Alandur North,13.0389,80.2258
600033,West Mambalam,13.0389,80.2258
600034,Loyla College,13.0389,80.2258
600036,Indian Inst Of Technology,13.0389,80.2258
600037,Offiers Trg School,13.0389,80.2258
600038,I C F Colony,13.0389,80.2258
600043,Rajainagar,13.0385,80.2345
600044,Bharathipuram,13.0385,80.2345
600045,Tambaram H O,13.0385,80.2345
600046,Tambaram I A F,13.0385,80.2345
600047,Tambaram Sanitorium,13.0385,80.2345
600050,Padi South,13.0385,80.2345
600051,Madhavaram Milk Colony,13.0385,80.2345
600052,Padianallur,13.0385,80.2345
600053,Orgadam,13.0385,80.2345
600054,Central Vehicle Research,13.0385,80.2345
600055,Central Vehicle Depot,13.0385,80.2345
600057,Ennur Thermal Station,13.0385,80.2345
600059,Tambaram East,13.0385,80.2345
600060,Madhavaram,13.1492,80.2367
600061,Naganallur,13.1492,80.2367
600066,Kadirvedu,13.1492,80.2367
600078,K K Nagar,13.0385,80.2345
600082,Agaram,13.11,80.2333
600084,Gaugadeeswaran Koil,13.0499,80.2319
600086,Gopalapuram,13.0472,80.2578
600088,Ganesh Nagar,12.9925,80.2044
600090,Besantnagat South,12.9953,80.2672
600091,Madipakkam,12.9725,80.2092
600093,Saligramam South,13.0481,80.2014
600095,Jaffarkhanpet,13.0278,80.2156
600097,Defence Officers Colony,13.0109,80.2233
600104,High Court Buildings,12.9819,80.2406
600105,C-In-C Road,12.9819,80.2406
600106,D G Vaishnav College,12.9819,80.2406
600109,Railway Car Shed Complex,12.9819,80.2406
600113,Taramani,12.9819,80.2406
601105,Vadamadurai,10.4667,78.0833
601202,Madarpakkam,11.6969,79.0969
601211,Elavur,11.6969,79.0969
601212,Iguvarpalayam,11.6969,79.0969
601213,Jothinagar (Cpt),11.6969,79.0969
601214,Devampattu,11.6969,79.0969
601301,Padappai,11.6969,79.0969
601303,Old Pallavaram,11.6969,79.0969
602003,Kakalur Ind Estate,13.1575,79.9194
602021,Ikkadu,13.1575,79.9194
602024,Lakshmipuram,13.1575,79.9194
602026,Uttukottai,13.1575,79.9194
602028,Palavakkam,13.1575,79.9194
602031,Kalambakkam,13.1575,79.9194
603001,Chengalpattu R S,12.5576,80.0556
603002,Chengalpattu Cutcherry,12.5576,80.0556
603102,Sadras,12.5319,80.1611
603106,Orakkatupettai,12.5319,80.1611
603107,Salavakkam,12.5319,80.1611
603120,Ozhalur,12.5319,80.1611
603201,Elapakkam,12.5576,80.0556
603301,Acharapakkam West,12.5833,79.95
603307,Orathi,12.5833,79.95
603308,Padalam,12.5833,79.95
603311,Zamin Endathur,12.5833,79.95
603406,Uthiramerur,12.5576,80.0556
604101,Akshipakkam,12.375,79.6
604151,Alampoondi,12.375,79.6
604152,Nallanpillaipetral,12.375,79.6
604202,Bazar,27.1,88.45
604210,Illodu,12.375,79.6
604213,Naganur,12.375,79.6
604305,Olakkur,12.3167,79.7167
604402,Hasanamapettai,12.375,79.6
604415,Elankadu,12.375,79.6
604501,Desur,12.4333,79.4833
605001,Pondicherry Ho.,12.5205,79.8348
605002,Sri Arabindo Ashram,12.5205,79.8348
605003,Muthialpet,12.5205,79.8348
605004,Mudaliarpet,12.5205,79.8348
605005,Nellithope,12.5205,79.8348
605006,Dhanvantri Nagar,12.5205,79.8348
605007,Ariyankuppam,12.5205,79.8348
605008,Lawspet,12.5205,79.8348
605009,Thattanchavadi,12.5205,79.8348
605010,Reddiarpalayam,12.5205,79.8348
605011,Venkata Nagar,12.5205,79.8348
605012,Padmini Nagar,12.5205,79.8348
605013,Saram (Pondy),12.5205,79.8348
605014,Pondicherry University,12.5205,79.8348
605051,Olugarai,12.5205,79.8348
605106,Nettapakkam,12.5205,79.8348
605110,Villyanpur,12.5205,79.8348
605118,V Mathur,12.5205,79.8348
605501,Tirukkanur,12.5205,79.8348
605602,V Marudur,12.5205,79.8348
605802,Kadambur S A,12.5205,79.8348
606102,Kalamarudur,12.29,79.0267
606107,Ulunderpet Bus Stand,12.29,79.0267
606115,Padur,12.29,79.0267
606202,Emapper,12.29,79.0267
606203,Nagalur S A,12.29,79.0267
606207,Vadakkanendal,12.29,79.0267
606301,Nainarpalayam,12.29,79.0267
606701,Chengam,12.3,78.8
606707,Tandarampattu,12.2083,78.8167
606708,Tanipadi,12.1167,78.8333
606715,S I Sorpanandal,12.2778,78.9111
606716,Taradapattu,12.2778,78.9111
606751,Kalasapakkam,12.4167,79.1
606801,Chettupattu Polur,12.1167,79.15
606804,Tandarai,12.1167,79.15
606901,Adamangalam,12.5,79.25
606902,Devikapuram,12.5,79.25
606903,Kalambur,12.5,79.25
606907,Vadamathimangalam,12.5,79.25
606908,Kadaladi N A,12.5,79.25
606911,Gangavaram,12.5,79.25
607001,Fort Saint David,11.7333,79.7833
607051,Pachayankuppam,11.7333,79.7833
607103,Kadambuliyur,11.725,79.4833
607111,Iruvelipattu,11.725,79.4833
607116,Oraiyur,11.725,79.4833
607201,Eraiyur,11.7167,79.1833
607202,Elavanasur,11.7167,79.1833
607207,Madapattu,11.7167,79.1833
607307,Vahakollai,11.725,79.4833
607402,Bahoor,11.725,79.4833
607804,Oomangalam,11.725,79.4833
608201,Orathur,11.4667,79.6333
608303,Lalpet,11.4667,79.6333
608305,T Nedunjeri,11.4667,79.6333
608501,B Mutlur,11.4667,79.6333
608601,Bhuvanagiri,11.4667,79.6333
608701,Palayamkottai S A,11.4667,79.6333
609001,Lalbahadur Nagar,10.9167,79.8167
609101,Achalpuram,10.9167,79.8167
609104,Kadavasal,10.9167,79.8167
609117,Vaitheeswaran Koil,10.9167,79.8167
609120,Pagasalai,10.9167,79.8167
609121,Madanam,10.9167,79.8167
609127,Madervelur,10.9167,79.8167
609129,Alakudi (Mayuram),10.9167,79.8167
609131,Edamanal,10.9167,79.8167
609201,Ilanthope,10.9167,79.8167
609301,Akkur (Thanjavur),10.9167,79.8167
609306,Nalladai,10.9167,79.8167
609314,Vadakarai,10.9167,79.8167
609401,Elanthangudi,10.9167,79.8167
609501,Eravancheri,10.9167,79.8167
609601,Ambagarathur,10.9167,79.8167
609602,Karaikal,10.9167,79.8333
609605,Thalatheru,10.9167,79.8167
609606,Tirumalarayanpattanam,10.9167,79.8167
609607,Tirunallar,10.9167,79.8
609609,Kottucherry,10.9167,79.8167
609701,Enanguddi,10.9167,79.8167
609811,Kali,10.9167,79.8167
610002,Dakshinamurthy Mutt,10.7042,79.5208
610201,Kachanam,10.7042,79.5208
610206,Vadapathimangalam,10.7042,79.5208
611001,Nagapattinam City,10.7667,79.8333
611002,Vadagudi Chatram,10.7667,79.8333
611101,Adaikkamangalam,10.7667,79.8333
611111,Vailankanni West,10.7667,79.8333
612001,Banadurai,11.2167,79.45
612101,Aduthurai,11.2167,79.45
612106,Kadiramangalam,11.2167,79.45
612201,Vadamattam,11.2167,79.45
612203,Palaiyur,11.2167,79.45
612401,Sakkottai,11.2167,79.45
612502,Lower Anaicut,11.2167,79.45
612602,Nachiarkoil,11.2167,79.45
612702,Darasuram,11.2167,79.45
612802,Haridwaramangalam,11.2167,79.45
612805,Chandrasekarapuram,11.2167,79.45
612901,Gangaikondapuram,11.2167,79.45
612905,Ulkottai,11.2167,79.45
613001,Irudhayapuram,10.7042,79.5208
613005,Raja Serfoji Govt College,10.7042,79.5208
613007,Rajappanagar,10.7042,79.5208
613054,Inayuthukkanpatti,10.7042,79.5208
613101,Nadukaveri,10.7042,79.5208
613301,Gandharvakottai,10.7042,79.5208
613401,M G M Sanatorium,10.7042,79.5208
613504,Salimangalam,10.7042,79.5208
613601,Alakudi (Thanjavur),10.7042,79.5208
614012,Handranadi,10.4167,79.4
614013,Idangankottai Melaiyur,10.4167,79.4
614019,Vadavur,10.4167,79.4
614020,Painganadu,10.4167,79.4
614102,Lakshmangudi,10.4167,79.4
614203,Kabisthalam,10.4167,79.4
614207,Rajaghiri,10.4167,79.4
614209,Umayalpuram,10.4167,79.4
614211,Chakrapalli,10.4167,79.4
614212,Ullikadai,10.4167,79.4
614303,Vadakku Mangudi,10.4167,79.4
614602,Nadimuthunagar,10.4167,79.4
614613,Tamarankottai,10.4167,79.4
614615,Aladikumulai,10.4167,79.4
614625,Orathanad,10.4167,79.4
614631,Uranipuram,10.4167,79.4
614632,Okkanad Kilaiyur,10.4167,79.4
614635,Jagadapattinam,10.4167,79.4
614701,Adirampattinam,10.35,79.4
614702,Idaiyur,10.35,79.4
614706,Udayamarthandapuram,10.35,79.4
614710,Naduvakalappal,10.35,79.4
614712,Talanagar Agraharam,10.35,79.4
614714,Takattur,10.35,79.4
614717,Adichapuram,10.35,79.4
614725,Kadinavayal,10.35,79.4
614730,T Nelakadu,10.35,79.4
614738,Jambavanodai,10.35,79.4
614803,Ottangadu,10.4167,79.4
614815,Chettipulam,10.4167,79.4
614903,Madukkur,10.4833,79.4
614905,Vadasseri,10.4833,79.4
614908,T Kilaiyur,10.4833,79.4
620001,Bheema Nagar,10.8,78.7333
620003,Woriyur Bazar,10.8,78.7333
620004,Golden Rock,10.8,78.7333
620010,Industrial Colony Trichy,10.8,78.7333
620012,Edamalaipattipudur,10.8,78.7333
620014,Bhel,10.8,78.7333
620016,Oradance Estate,10.8,78.7333
620020,Jamal Mohamed College,10.8,78.7333
620021,K K Nagar Metre Factory R,10.8,78.7333
621001,Erakudi,10.4694,78.5056
621011,Uppidamangalam,10.4694,78.5056
621014,Pagalavadi,10.4694,78.5056
621017,Chenguttupatti,10.4694,78.5056
621022,Okkarai,10.4694,78.5056
621104,Chettikulam,8.15,77.6
621105,Irungalur,9.625,78.2167
621108,Labbaikudikadu,9.625,78.2167
621109,Padalur,11.1,78.8333
621112,Samayapuram,10.9333,78.7333
621114,T Kalathur,10.9333,78.7333
621117,V Kalathur,10.9333,78.7333
621118,Nakkalalem,10.9333,78.7333
621121,Ladapuram,11.2333,78.7333
621203,Balasamudram,10.4694,78.5056
621205,Jambunathapuram,10.4694,78.5056
621212,Madanagopalapuram,10.4694,78.5056
621216,Bikshandarkoil,10.4694,78.5056
621218,Valady,10.4694,78.5056
621219,Yesanai,10.4694,78.5056
621224,Urakkarai,10.4694,78.5056
621302,Elangakurichi,10.5333,78.3
621303,Inamkolathur R S,10.5333,78.3
621315,Vaiyampatti,10.5333,78.3
621601,Lalgudi H O,10.4694,78.5056
621713,Rajajinagar Tiruchy,10.8667,78.8333
621729,Lalgudi,10.8667,78.8333
621802,Jayankondacholapuram West,10.4694,78.5056
621853,Ilandaikudam,10.4694,78.5056
622001,Machuvadi,9.7693,78.1427
622003,Rajagopalapuram,9.7693,78.1427
622102,Illupur,9.7693,78.1427
622204,Yembal,9.7693,78.1427
622301,Alangudi (Pdk),9.7693,78.1427
622404,Nachandupatti,9.7693,78.1427
622410,Ulagampatti,9.7693,78.1427
622416,V Pudur,9.7693,78.1427
622421,Lambalakudi,9.7693,78.1427
622501,Cauverynagar,9.7693,78.1427
622505,Ramachandrapuram,9.7693,78.1427
622514,Hiradayapuram,9.7693,78.1427
623003,Alagappapuram H O,9.5958,78.7333
623004,Alagappa Engg College,9.5958,78.7333
623005,Devakottai Road,9.5958,78.7333
623102,Chettinad,9.5958,78.7333
623104,Kadanur,9.5958,78.7333
623207,Nachiapuram,9.5958,78.7333
623208,O Siruvayal,9.5958,78.7333
623209,S M Hospital,9.5958,78.7333
623302,Devakottai West,9.5958,78.7333
623304,Eriyur,9.5958,78.7333
623309,Oriyur,9.5958,78.7333
623313,Sambanur,9.5958,78.7333
623403,Nadambakkam,9.5958,78.7333
623501,Ramanathapuram Bazaar,9.6389,78.8278
623502,Achunthanvayal,9.6389,78.8278
623512,Alangankulam,9.3,79.0333
623516,Irumeni,9.3,79.0333
623525,Rajasingamangalam,9.6667,78.85
623527,Chattirakudi,9.6667,78.85
623534,Uchipulli,9.6389,78.8278
623535,Ramanathapuram Bus Stand,9.6389,78.8278
623553,Madagupattu,9.95,78.6
623557,Okkur,9.95,78.6
623558,Paganeri,9.95,78.6
623560,Jawahar Bazaar,9.6389,78.8278
623562,Tamarakki,9.6389,78.8278
623601,Abiramam,9.4667,78.45
623602,Idaikaatur,9.4667,78.45
623609,Rajagambiram,9.4667,78.45
623701,Emaneswaram,9.5958,78.7333
623703,Kadaladi (Ramnad),9.5958,78.7333
623704,Vadakkur,9.5958,78.7333
623705,Nainarkoil,9.5958,78.7333
623707,Bharathi Nagar,9.5958,78.7333
623710,Salaigramam,9.5958,78.7333
623804,Vadalai,9.5958,78.7333
624001,Dindigul Bazar,10.5333,78.0667
624002,Begampur,10.5333,78.0667
624003,Bharathipuram,10.5333,78.0667
624004,Beschi College,10.5333,78.0667
624005,Balakrishnapurampudur,10.5333,78.0667
624009,N G O Colony Dindigul,10.5333,78.0667
624054,Hanumantharayankottai,10.5333,78.0667
624202,Batlagundu Bazaar,10.5333,78.0667
624213,Ramarajapuram,10.5333,78.0667
624216,Tandigudi,10.5333,78.0667
624221,Tanichiyam,10.5333,78.0667
624302,Gandhi Gram,10.5333,78.0667
624312,Samiyarpatti,10.5333,78.0667
624314,Chettiapatti,10.5333,78.0667
624316,Rajakkapatti,10.5333,78.0667
624501,Chaturvedamangalam,10.5333,78.0667
624601,Palani Devasthanam,10.5333,78.0667
624610,Balasamudram (Ddl),10.5333,78.0667
624614,Chatrapatti Palani,10.5333,78.0667
624615,Kalayamputhur,10.5333,78.0667
624619,Oddanchatram North,10.5333,78.0667
624620,Palayam-Palani,10.5333,78.0667
624624,Palakkanuthu,10.5333,78.0667
624625,K Keeranur,10.5333,78.0667
624701,Ahtoor (Madurai),10.5333,78.0667
624702,Eriyodu,10.5333,78.0667
624704,Idayakottai,10.5333,78.0667
624709,Tadicombu,10.5333,78.0667
624714,Dharmathupatti,10.5333,78.0667
624802,Vadamadurai,10.4667,78.0833
625001,Lakshmipuram,10.025,78.0417
625002,Madurai Corporation Bldgs,10.025,78.0417
625003,Alagappa Nagar,10.025,78.0417
625008,De Nobili Press,10.025,78.0417
625009,Balarangapuram,10.025,78.0417
625010,West Ponnagaram,10.025,78.0417
625011,Jaihindpuram,10.025,78.0417
625014,Madurai Reserve Lines,10.025,78.0417
625020,Gandhi Nagar,13.0064,80.2542
625052,Chatrapatti Mdu,10.025,78.0417
625104,Madurai Agricultural College,10.025,78.0417
625107,Othakadai,10.025,78.0417
625119,Uranganpatti,10.025,78.0417
625121,Taniyamangalam,10.025,78.0417
625126,Kachirayanpatti,10.025,78.0417
625301,Alagarkoil,10.025,78.0417
625402,Samayanallur,9.9833,78.0333
625501,Alanganallur,10.0667,78.05
625602,Palani R S,10.025,78.0417
626004,Palavanatham,9.55,78.0167
626056,Alagianallur,9.55,78.0167
626102,Chatrapatti Virudhunagar,9.5417,77.6083
626103,Erichinatham,9.5417,77.6083
626110,Sahibpuram,9.45,77.5667
626112,Palayampatti,9.45,77.5667
626117,Rajapalayam,9.45,77.5667
626127,Tamilnadu Cements(Algngul,9.5417,77.6083
626132,Watrap,9.6333,77.65
626134,Chettikurichi,9.6333,77.65
626145,Devadanam,9.5417,77.6083
626146,Ilandaikulam,9.5417,77.6083
626150,Nachiarkoil,9.5417,77.6083
626154,Vaithilingapuram,9.5417,77.6083
626156,S Tharaikudi,9.5417,77.6083
626159,Ramasaminagar,9.5417,77.6083
626163,Zamin Kollangondan,9.5417,77.6083
626171,M Pudupatti,9.5417,77.6083
626175,Nallamanaickenpatti,9.5417,77.6083
626177,Eluppaiyur,9.5417,77.6083
626180,Injar,9.5417,77.6083
626183,Vadhuvarpatti,9.5417,77.6083
626187,Idivilagi,9.5417,77.6083
626188,Dalavaipuram,9.5417,77.6083
626201,Elayirampannai,9.2667,77.8333
626204,Ramasamyrajanagar,9.2667,77.8333
626205,Uppathur,9.2667,77.8333
626206,Irukkangudi,9.2667,77.8333
626210,T Sedapatti,9.2667,77.8333
626501,Vadagarai,9.61,77.7433
626512,Jakkampatti,9.61,77.7433
626513,Bodinayakkanur H O,9.61,77.7433
626514,Checkanurani,9.61,77.7433
626516,Gandhi Nagar Cumbum,9.61,77.7433
626517,Gandamanayakanur,9.61,77.7433
626519,Highways,9.61,77.7433
626531,Bangalamedu,9.61,77.7433
626532,Uslampatti Pettai,9.61,77.7433
626533,Uthamapalayam Bazar,9.61,77.7433
626535,Yelumalai,9.61,77.7433
626536,T Subbalapuram,9.61,77.7433
626537,Uthappanayakanur,9.61,77.7433
626540,Odiapatti,9.61,77.7433
626541,U Ammapatti,9.61,77.7433
626553,Palanichettipatti,9.61,77.7433
626562,Tamaraikulam,9.61,77.7433
626566,Chellanpatti,9.61,77.7433
626571,Uppukottai,9.61,77.7433
626601,Devadanapatti,10.15,77.65
626704,T Pudupatti,9.61,77.7433
626716,M Puliyangulam,9.61,77.7433
627001,Kailasapuram Tvl,8.6854,77.6146
627002,Samadanapuram,8.6854,77.6146
627007,Jawahar Nagar,8.6854,77.6146
627008,Gandhi Nagar Tirunelveli,8.6854,77.6146
627010,Industrial Colony Pettai,8.6854,77.6146
627101,Dhalapathisamudram,8.2667,77.7
627104,Idinthakarai,8.2667,77.7
627111,Radhapuram,8.2667,77.7
627116,Vadakkankulam,8.2667,77.7
627121,Palavoor,8.2667,77.7
627128,Rajakkamangalam,8.2667,77.7
627129,Ramakrishnapuram,8.2667,77.7
627202,Ukkiramkottai,8.6854,77.6146
627251,Ellanaickenpatti,8.6854,77.6146
627253,Kaliavoor,8.6854,77.6146
627352,Gangaikondan,8.85,77.7833
627358,Tachanallur,8.85,77.7833
627359,Rajavallipuram,8.85,77.7833
627360,Taruvai,8.3333,77.9333
627414,Cheranmahadevi,8.6833,77.5667
627415,Kadayam,8.8167,77.3833
627434,Aladiyur,8.75,77.475
627451,Goapalasamudram,8.75,77.475
627501,Kalakad,8.5,77.5667
627502,Devanallur,8.5,77.5667
627603,Vadakku Ariyanayagipuramp,8.6854,77.6146
627702,Lakshmipuram Kovilpatti,9.0833,77.35
627712,Eppodumvendran,9.0833,77.35
627713,Ilayasasanendal,9.0833,77.35
627714,Kadambur (Tvl),9.0833,77.35
627716,Nallatinputhur,9.0833,77.35
627723,Ilavengal,9.0833,77.35
627725,Kadalai,9.0833,77.35
627727,East Pandavarmangalam,9.0833,77.35
627751,Kadayanallur,9.0833,77.35
627762,Vadamalaipuram,9.0833,77.35
627801,Achanputhur,8.6854,77.6146
627803,Elathur,8.6854,77.6146
627804,Idaikal (Tenkasi),8.6854,77.6146
627805,Ilanji,8.6854,77.6146
627812,Vadakarai Koilpatti,8.6854,77.6146
627820,Nainaragaram,8.6854,77.6146
627821,Idaikal Ambasamudram,8.6854,77.6146
627822,Rajapandi,8.6854,77.6146
627856,Samburvadakarai,8.6854,77.6146
627860,Uthumalai,8.6854,77.6146
627902,Naduvisipatli,8.95,77.6333
627904,Nagalapuram,8.95,77.6333
627912,Ramachandrapuram,8.95,77.6333
627951,Devarkulam,8.95,77.6333
628002,Gibbsonpuram,8.6333,78.0167
628003,Central Govt Servants Cly,8.6333,78.0167
628007,Heavy Water Project Colony,8.6333,78.0167
628105,Taruvaikulam,8.6333,78.0167
628215,Devasthanam,8.6333,78.0167
628217,Adaikalapuram,8.6333,78.0167
628302,Ottanatham,8.6333,78.0167
628304,Tattaparai,8.6333,78.0167
628309,Akkanaickenpatti,8.6333,78.0167
628401,Ottapidaram,8.6333,78.0167
628614,Campellabad,8.6333,78.0167
628619,Padmanabhamangalam,8.6333,78.0167
628626,Kachanvilai,8.6333,78.0167
628627,Cherakulam,8.6333,78.0167
628651,Idaiyankudi (Tvl),8.6333,78.0167
628652,Ittamozhi,8.6333,78.0167
628658,Uvari,8.6333,78.0167
628703,Padukapattu,8.6333,78.0167
628801,Eral,8.6333,78.0167
629001,Vadaserry,10.9667,78.5167
629002,Irulappapuram,10.9667,78.5167
629004,Nagercoil Ind Estate,10.9667,78.5167
629051,Edalakudi,10.9667,78.5167
629103,Alancholai,10.1167,77.9944
629152,Idaikode,10.1167,77.9944
629153,Kaliakkavilai,10.1167,77.9944
629159,Palapallam,10.1167,77.9944
629165,Nallur,11.2833,77.95
629167,Alagimandapuram,11.2833,77.95
629168,Gnanamvilai,11.2833,77.95
629172,S T Mangad,9.5333,78.0167
629175,Fort,10.8333,78.7
629178,Udayamarthandam,9.5333,78.0167
629179,Unnamalaikada,9.5333,78.0167
629188,Painkulam,10.1167,77.9944
629197,Irenipuram,10.1167,77.9944
629203,Friday Market,10.9667,78.5167
629253,Kadiyapattinam,10.9667,78.5167
629303,Ramapuram,13.5167,80.0833
629304,Chenbagaramanpudur,13.5167,80.0833
629501,Eathamozhi,10.9667,78.5167
629504,James Town,10.9667,78.5167
629664,Idaivchivalai,10.9667,78.5167
629701,Agasteeswaram,10.9667,78.5167
629704,Valakkamparai,10.9667,78.5167
629852,Bhoothapandy,10.9667,78.5167
629855,Kadukkarai,10.9667,78.5167
629902,Erachakulam,10.9667,78.5167
631001,Rajijinagar,12.8917,79.7583
631003,Jothinagar (Ark),12.8917,79.7583
631004,Ekhunagar,12.8917,79.7583
631057,Valaikulam,12.8917,79.7583
631060,Ichiputhur,12.8917,79.7583
631104,Jambukulam,13.0167,79.7333
631151,Takkolam,13.0167,79.7333
631203,Kadambathur,12.8917,79.7583
631205,K G Kandigai,12.8917,79.7583
631206,Madduru,12.8917,79.7583
631303,Ramakrishnarajupeta,12.8917,79.7583
631404,Ulandai,12.8917,79.7583
631502,Big Kanchipuram,12.8917,79.7583
631503,Little Kanchipuram,12.8917,79.7583
631551,Balchettichatram,12.8917,79.7583
631553,Edayarpakkam,12.8917,79.7583
631602,Damal,12.7667,79.7833
631605,Walajabad,12.7667,79.7833
631701,Akkur N A,12.8917,79.7583
632001,Old Town Vlr,12.8533,79.2267
632002,Bagayam,12.8533,79.2267
632004,Bakiyath,12.8533,79.2267
632006,Gandhi Nagar East,12.8533,79.2267
632012,Saidapet Vellore,12.8533,79.2267
632103,Odukkathur,12.8833,79.0667
632105,Ussoor,12.8833,79.0667
632106,S L R Sanitorium,12.8833,79.0667
632202,Latteri,12.9667,79.0667
632204,Vadugapatti (Ramnad),12.9667,79.0667
632301,Saidapettai Arni,12.7167,79.2
632315,Onnupuram,12.7167,79.2
632504,Damarapakkam,12.7667,79.4167
632505,Banavaram,12.7667,79.4167
632506,Kalavai,12.7667,79.4167
632511,Sakkaramallur,12.9333,79.3833
632513,Walajapet,12.9333,79.3833
632522,Ozhugur,12.85,79.4
632527,Chennasamudram,12.85,79.4
632601,Dharnampet,12.8533,79.2267
632604,Gandhi Nagar Gudiyatham,12.8533,79.2267
635001,Lakshmipuram Krp,12.5729,78.2729
635103,Bagalur,12.8333,77.8667
635104,Barugur,12.6944,77.8278
635105,Berigai,12.6944,77.8278
635106,Chaparthi,12.6944,77.8278
635107,Denkanikota,12.5333,77.8
635108,Elathagiri,12.6944,77.8278
635109,Hosur,12.7167,77.8167
635110,Hosur Cattle Farm,12.6944,77.8278
635115,Ramapuram,13.5167,80.0833
635119,Uddanpalli,12.6944,77.8278
635125,Hosur East,12.6944,77.8278
635126,Hosur Industrial Complex,12.6944,77.8278
635135,Jagadab,12.6944,77.8278
635141,Salivaram,12.6944,77.8278
635201,Barur,12.2667,78.55
635204,Nagarasampatti,12.2667,78.55
635207,Uttangarai,12.2667,78.55
635209,Saithur,12.2667,78.55
635210,Jagadevi,12.4833,78.3333
635301,Bommidi,12.5729,78.2729
635303,Kadathur,12.5729,78.2729
635306,Samalpatti R S,12.5729,78.2729
635655,Adiyur,12.5729,78.2729
635657,Jayapuram,12.5729,78.2729
635701,Alangayam,12.6,78.75
635703,Jamanamarathur,12.6,78.75
635804,Madanur,12.575,78.5333
635808,Oomarabad,12.575,78.5333
635812,Vadapudpet,12.575,78.5333
635851,Jolarpettai,12.5667,78.5833
635853,Pakkirthakka,12.575,78.5333
635854,Pachur,12.5833,78.4833
636001,Salem Fort,10.5667,79.7667
636004,Alagapuram,11.8833,78.9167
636006,Salem Pension Lines,11.225,79.3417
636007,Salen Dr Court Building,11.225,79.3417
636009,Leigh Bazaar,11.225,79.3417
636013,Salem Steel Plant,11.225,79.3417
636016,Fairlands,11.225,79.3417
636102,Udayarpalayam,11.4833,78.65
636104,Belur Salem,11.4833,78.65
636105,Gangavalli,11.4833,78.65
636112,Talaivasal,11.5833,78.7667
636117,Yethapur,11.5833,78.7667
636118,Ulipuram,11.5833,78.7667
636121,Vadachennimalai,11.5333,78.7083
636124,Kadambur (Salem),11.5333,78.7083
636139,Salem H O,11.5333,78.7083
636140,Odayapatti,11.5333,78.7083
636302,Jagir Ammapalayam,11.8667,78.15
636351,Kadyampatti,11.8667,78.15
636354,Danishpet,11.8667,78.15
636403,Ramannagar,11.7333,78.0667
636404,Gonur,11.7333,78.0667
636451,Chamarajpet,11.7333,78.0667
636452,Madayankuttai,11.7333,78.0667
636455,Omalur,11.7333,78.0667
636456,Salem Camp,11.7333,78.0667
636501,Jalakantapuram,11.7,77.8833
636601,Yercaud,11.7667,78.2333
636602,Ondikadai,11.7667,78.2333
636604,Nagalur-Salem,11.7667,78.2333
636701,Dharmapuri R S,11.7121,78.4682
636702,Dharmapuri Bazaar,11.7121,78.4682
636705,Dharmapuri Collectorate,11.7121,78.4682
636802,Hanumanthapuram,12.0833,78.2389
636803,Harur,12.0667,78.5
636804,Laligam,12.05,78.15
636807,Nallampalli,12.0833,78.2389
636808,Palacode,12.0833,78.2389
636813,Biliyanur Agraharam,12.0833,78.2389
636815,Nagamalai,12.0833,78.2389
636902,Echambadi,11.7121,78.4682
636908,Harur Bazaar,11.7121,78.4682
637001,Ramapurampdur,12.9908,80.2131
637002,Ganesapuram,12.9908,80.2131
637003,Nallipalayam,12.9908,80.2131
637013,Eranipatti,12.6288,79.5732
637017,Palalpatti (Salem),12.6288,79.5732
637023,Pachal,12.2667,78.9333
637026,N Pundupatti,12.2667,78.9333
637101,Idappadi,11.5833,77.85
637202,Elachipalayam,12.056,78.8116
637203,Kadampalayam,12.056,78.8116
637206,Nadandai,12.056,78.8116
637213,Jadarpalayam,12.056,78.8116
637306,Padaiveedu,12.056,78.8116
637402,Belukurichi,11.3833,78.25
637404,Kalappanaickenpatti,11.3833,78.25
637410,Vaiyampatti,10.5333,78.3
637420,T Jedarpalayam,11.3833,78.25
637502,Elampillai,12.056,78.8116
637508,Edangansalai,12.056,78.8116
638008,Agraharam,10.5667,79.7667
638009,Edayankattu Valasu,11.1667,77.6167
638010,Boards Colony,11.1667,77.6167
638011,Erode Collectorate,11.1667,77.6167
638051,Chennimalai,11.1667,77.6167
638058,Ingur,11.1667,77.6167
638110,Gingee,12.25,79.4167
638112,Vadamugam Vellodu,12.25,79.4167
638129,Vadugapatti (Erode),12.25,79.4167
638152,Unjalur,12.25,79.4167
638153,Ganapathipalayam,12.25,79.4167
638202,Jakkarpalayam,11.44,77.7967
638211,Devanurpudur,11.44,77.7967
638301,Bhavani H O,11.44,77.7967
638302,Bhavani Cutchery,11.44,77.7967
638312,Palayam,11.44,77.7967
638314,Olagadam,11.44,77.7967
638315,Sakthinagar,11.44,77.7967
638327,Dalavoipettai,11.44,77.7967
638403,Yavilipalayam,11.7833,77.0167
638404,Ukkaram,11.7833,77.0167
638451,Bhavanisagar,11.7833,77.0167
638452,Gobichettipalayam H O,11.7833,77.0167
638461,Talavadi,11.7833,77.0167
638466,Kadathur Gobi,11.7833,77.0167
638476,Gobiohetti Palayam South,11.7833,77.0167
638503,Dasappagoundanpudur,11.44,77.7967
638603,Gandhi Nagar Tirupur,11.44,77.7967
638656,Dharapuram H O,11.44,77.7967
638657,Ellisnagar,11.44,77.7967
638672,Dalvoipatnam,11.44,77.7967
638675,Jalakarisal,11.44,77.7967
638687,Iduvampalayam,11.44,77.7967
638703,Udiyur,11,77.4667
638710,Tayampalayam,10.8333,77.5
638751,Uttukuli,11.1667,77.4333
638752,Uttukuli R S,11.1667,77.4333
638806,Vadambacheri,11.44,77.7967
638812,Chengapalli,11.44,77.7967
639001,Ramakrishnapuram,12.1397,78.5489
639002,Vaiapurinagar,12.1397,78.5489
639105,Lalapet,12.1397,78.5489
639120,Vaigallur,12.1397,78.5489
639203,Isanatham,12.1397,78.5489
641001,Devangapet,10.9375,76.975
641002,R S PURAM SoUTH,10.9375,76.975
641003,Lalwley Road,10.9375,76.975
641006,Ganapathi,10.9375,76.975
641007,Institute,10.9375,76.975
641011,Saibaba Mission East,10.9375,76.975
641012,Tatabad,10.9375,76.975
641015,Uppilpalayam,10.9375,76.975
641016,Ondipudur,10.9375,76.975
641018,Ramanathapuram Cbt,10.9375,76.975
641029,Gnanambika Mills,10.9375,76.975
641032,Othakalmandapam,10.9375,76.975
641034,Tadiyalur,10.9375,76.975
641045,Ramanthapuram Cbe,10.9375,76.975
641047,Jothipuram,10.9375,76.975
641101,Alandurai,10.9333,76.8
641103,Irugur,11.0167,77.0667
641105,Madukkarai Casba,10.9,76.9667
641108,Tadagam,10.95,76.9444
641110,Vaiyampalayam,10.95,76.9444
641201,Chettipalayam,10.9,77.0667
641202,Ganapathi Agraharam,10.9,77.0667
641304,Akkaraisengapalli,10.9375,76.975
642001,N G M College,10.5833,77.25
642002,T Kottampatti,10.5833,77.25
642004,Uttukuli Zamin,10.5833,77.25
642005,Zamin Mathur,10.5833,77.25
642051,Jallipatti,10.5833,77.25
642105,Waterfalls Estate,10.5833,77.25
642107,Gomangalam,10.5833,77.25
642108,Iyerpadi,10.5833,77.25
642113,Madathukulam,10.5833,77.25
642126,Gandhi Nagar,13.0064,80.2542
642135,Kadamparai Dam,10.5833,77.25
642136,Ramanamudalipudur,10.5833,77.25
642152,Kadamparai Power House,10.5833,77.25
642154,Udamalpet,10.5833,77.25
643001,Race Course,11.4611,76.55
643003,Lovedale,11.4611,76.55
643004,Fern Hill,11.4611,76.55
643005,Indu Nagar,11.4611,76.55
643006,Fingerpost,11.4611,76.55
643105,Ottupattarai,11.4611,76.55
643205,Cherambadi,11.5333,76.2833
643206,Denadcombai,11.5333,76.2833
643207,Devarshola,11.5333,76.2833
643209,Emarald,11.5333,76.2833
643210,Glenmorgan,11.4611,76.55
643224,Naduvattam,11.4833,76.5667
643231,Defence Service Staff College,11.3667,76.8
643232,Wellington Bazar,11.3667,76.8
643234,Hulical,11.3667,76.8
643241,Uppatti,11.4611,76.55
643244,Jagathala,11.4611,76.55
643256,Ithalur,11.4611,76.55
643282,Yedakkad,11.4611,76.55
